Item_Id,Item_Fit_Type,Item_Fabric,Item_Fabric_Amount,Item_MRP
TSH15,Oversize,Linen,9.3,249.8092
SHR01,Regular,Cashmere,5.92,48.2692
BLS15,Oversize,Chiffon,17.5,141618
FDX07,Regular,Lace,19.2,182095
CRD19,Oversize,Denim,8.93,53.8614
JCK36,Regular,Cotton,10395,51.4008
COT10,Regular,Organza,13.65,57.6588
JCK10,Oversize,Organza,,107.7622
OCT17,Regular,Velvet,16.2,96.9726
TCT28,Regular,Velvet,19.2,187.8214
HDJ07,Oversize,Lace,11.8,45.5402
TSH03,Regular,Linen,18.5,144.1102
FDX32,Regular,Lace,15.1,145.4786
PRK46,Regular,Organza,17.6,119.6782
BJK32,Oversize,Lace,16.35,196.4426
JCK49,Regular,Silk,9,56.3614
VST42,Oversize,Crepe,11.8,115.3492
JPS11,Oversize,Satin,,54.3614
TCT02,Oversize,Linen,13.35,113.2834
BLS22,Regular,Organza,18.85,230.5352
DRS12,Regular,Cotton,,250.8724
VST30,Oversize,Denim,14.6,144.5444
SKT37,Oversize,Cotton,,196.5084
PNT28,Regular,Velvet,13.85,107.6938
CRD06,Oversize,Denim,13,165021
JNS10,Regular,Organza,7645,45906
SHT59,Oversize,Satin,11.65,42.3112
BST51,Slim Fit,Linen,5925,39.1164
SKT14,Regular,Wool,,45.5086
JNS38,Oversize,Linen,19.25,43.6454
LGS17,Oversize,Crepe,18.6,55.7956
JCK33,Oversize,Organza,18.7,96.4436
COT23,Oversize,Polyester,17.85,256.6672
SWP01,Oversize,Cashmere,17.5,93.1436
PJB29,Oversize,Crepe,10,174.8738
JNS20,Regular,Lace,,146.7102
PJS11,Regular,Cashmere,8.85,128.0678
FDX10,Regular,Organza,,122.5388
FDB34,Oversize,Organza,,36.9874
FDK43,Oversize,Chiffon,9.8,87.6198
TSH46,Oversize,Organza,13.6,230.6352
SKT02,Oversize,Wool,21.35,126002
FDL50,Regular,Wool,12.15,192.9136
FDM39,Basic,Linen,6.42,259.9278
NCP05,Oversize,Crepe,19.6,126.5046
JNS49,Oversize,Wool,10,178.1002
FDL12,Regular,Cotton,15.85,153.3024
PRK02,Regular,Linen,,265.2226
NCL17,Oversize,Crepe,7.39,60622
FDM40,Oversize,Velvet,10195,196.8794
PNT13,Regular,Wool,9895,143.8812
TSH43,Oversize,Lace,10895,141.5154
NCP18,Oversize,Denim,12.15,117.0492
FDK21,Oversize,Organza,7905,196.3794
PJB54,Oversize,Denim,9195,151.4708
DRK35,Oversize,Satin,8365,249.0408
HDJ21,Oversize,Organza,15.1,106.1622
FDI26,Oversize,Wool,,38.0506
FDM20,Oversize,Lace,10,194511
JNS27,Regular,Chiffon,7.97,180.0344
BJK09,Oversize,Lace,,246.9144
HDJ40,Regular,Velvet,,87.3514
HDJ45,Oversize,Organza,,38.2848
SKT46,Basic,Organza,17.7,51.0692
OCT19,Oversize,Chiffon,19.35,255.8356
FDZ03,Regular,Linen,13.65,185.4266
SWP37,Oversize,Cashmere,17.6,172.5738
NCI17,Oversize,Crepe,8645,186024
FDJ58,Regular,Organza,15.6,164.8526
OCT35,Oversize,Jersey,18.25,95841
FDG02,Oversize,Wool,7855,170.1764
NCZ18,Oversize,Denim,7825,59222
SKT29,Regular,Velvet,8.39,164.7526
FDQ10,Oversize,Organza,12.85,189.6188
BLS48,Oversize,Cotton,,254.3698
FDL04,Oversize,Velvet,19,114.0176
JNS25,Oversize,Wool,5905,172.3422
FDD58,Oversize,Organza,7.76,89.9804
BLS04,Slim Fit,Velvet,11.8,104.9622
JNS45,Oversize,Organza,16.75,222.5456
NCL18,Oversize,Denim,,101.87
PNT12,Regular,Cotton,,180.3344
FDG20,Regular,Lace,15.5,187.9556
FDZ55,Oversize,Lace,6055,194.6136
FDQ49,Regular,Silk,,171.3764
BLS33,Regular,Organza,6305,177.0028
BLS27,Oversize,Chiffon,20.85,160992
DRS20,Oversize,Lace,20.75,155963
DRG27,Oversize,Linen,8895,95.6436
JPS25,Oversize,Cashmere,19.6,117.2808
TSH44,Oversize,Lace,19.7,122173
NCR17,Oversize,Crepe,9.8,39.9138
TCT04,Oversize,Velvet,,55.1614
BJK41,Oversize,Velvet,12.15,57893
FDB56,Regular,Lace,8.75,114.5492
FDT28,Oversize,Velvet,13.3,120.0414
FDD10,Regular,Organza,,246046
DRS57,Regular,Organza,8.31,187.4556
DRB48,Regular,Cashmere,16.75,149.9708
JCK09,Oversize,Organza,19.75,187.8556
OCT14,Regular,Wool,17.1,151.0708
TSH47,Regular,Cotton,10.5,178.5344
FDG12,Regular,Cotton,6635,179.1028
DRE60,Oversize,Cashmere,,38.7822
DRK49,Oversize,Cashmere,14.15,212.0902
FDD03,Oversize,Linen,13.3,141.1838
PRK52,Oversize,Velvet,8.89,163121
DRS39,Regular,Chiffon,,121.3098
FDX34,Oversize,Organza,,225372
JNS11,Regular,Polyester,9.1,41.4138
FDD17,Oversize,Velvet,7.5,232.53
FDZ16,Regular,Velvet,16.85,102.4016
FDZ46,Oversize,Organza,7485,176937
DRA12,Oversize,Cashmere,11.6,121.7098
HDJ58,Oversize,Organza,11.65,173.2054
NCF19,Oversize,Denim,13,239.0906
SHT13,Basic,Cashmere,12.65,192.4478
FDB14,Regular,Wool,20.25,109.0228
FDJ38,Regular,Wool,8.6,140.3154
DRS11,Oversize,Polyester,12.6,227.0694
FDL40,Oversize,Velvet,17.7,47.5034
JPS49,Oversize,Cashmere,14.15,159.0578
DRG23,Oversize,Satin,8.88,92512
NCP30,Oversize,Denim,20.5,190153
HDJ25,Oversize,Wool,,62.7194
NCH54,Oversize,Denim,13.5,95041
NCR53,Oversize,Crepe,,82.4276
NCO26,Oversize,Denim,7235,52.7956
FDB51,Oversize,Linen,6.92,151.7682
FDX44,Oversize,Lace,9.3,40.2822
NCN07,Oversize,Tulle,18.5,180.5976
NCC31,Oversize,Denim,08.02,160292
NCO55,Oversize,Tulle,12.8,224.4404
NCC30,Oversize,Denim,16.6,101.7016
FDI16,Regular,Velvet,14,188.5188
JCK16,Oversize,Velvet,18.6,116.0492
FDB11,Oversize,Jersey,16,165.4526
VST06,Oversize,Crepe,17.6,60.5852
TSH45,Oversize,Organza,21.25,90.8172
SHT25,Oversize,Cashmere,14.6,132.1284
FDI04,Regular,Velvet,13.65,154.5972
DRK12,Oversize,Cashmere,,105.1622
FDX20,Oversize,Lace,7365,105.5938
NCI18,Oversize,Denim,18.35,177.6344
FDB36,Regular,Cotton,5465,53064
BLS13,Oversize,Silk,18.6,246.3802
DRD24,Oversize,Cashmere,13.85,226.8404
FDQ28,Regular,Velvet,14,160692
FDM22,Regular,Organza,14,178237
PNT07,Oversize,Lace,,117.5492
DRF49,Oversize,Cashmere,7.27,50.3692
DRS51,Regular,Chiffon,6155,161521
DRL01,Regular,Cashmere,19.5,197.6426
JCK25,Oversize,Wool,15.2,31.29
NCM43,Oversize,Tulle,14.5,226172
FDK44,Oversize,Lace,16.6,223.5746
FDM15,Regular,Chiffon,11.8,132.5626
PRK31,Regular,Lace,13.1,99.8358
FDI32,Oversize,Lace,17.7,140.9154
PNT47,Basic,Polyester,17.85,154.5656
FDB35,Regular,Jersey,12.3,54764
NCU05,Oversize,Crepe,11.8,97.0094
DRY23,Regular,Cashmere,,222.5456
COT24,Oversize,Cotton,11.1,114.2518
JNS39,Oversize,Chiffon,11.3,214556
NCO17,Oversize,Crepe,,233.4958
TCT50,Regular,Linen,5.75,216.8824
FDT12,Regular,Cotton,,125.0046
FDK58,Regular,Organza,11.35,198.8084
COT08,Regular,Lace,,61.9194
NCW29,Oversize,Crepe,14,164821
BST04,Regular,Velvet,19.75,173.0738
VST19,Oversize,Denim,6525,151.4366
JNS15,Oversize,Chiffon,10.3,178.8318
FDL58,Regular,Organza,5.78,115.1834
TSH08,Regular,Lace,11.85,196.5794
FDT43,Oversize,Lace,16.35,92.6804
PJB06,Oversize,Denim,,81.4618
FDT20,Oversize,Lace,10.5,42.1112
FDB41,Regular,Velvet,19,157.4604
NCN55,Oversize,Tulle,14.6,153.0656
BST40,Regular,Linen,,198.1426
FDX49,Slim Fit,Wool,,117944
NCM53,Oversize,Crepe,18.75,112.8176
BST36,Regular,Cotton,5.26,226.8062
BLS57,Oversize,Organza,18.25,100.0016
FDI24,Oversize,Cotton,,165.7526
FDI19,Oversize,Chiffon,15.1,130431
BJK24,Regular,Cotton,15.5,179766
FDG52,Oversize,Velvet,13.65,85.0882
DRF36,Basic,Cashmere,16.1,103.9648
PRK45,Regular,Organza,,264.7568
FDX40,Oversize,Velvet,12.85,164.1526
SHR27,Oversize,Linen,13.8,50.1324
CRD30,Oversize,Denim,19.7,182.5976
NCZ54,Oversize,Denim,14.65,37.6164
BST10,Regular,Organza,6.67,48.0718
PNT44,Regular,Lace,6.11,238.8538
JCK28,Regular,Velvet,13.65,62.9194
FDX15,Oversize,Chiffon,17.2,232.63
TSH39,Basic,Chiffon,6.32,104628
HDJ24,Regular,Cotton,4.88,161.8868
SKT60,Regular,Cotton,5425,140.2154
OCT28,Regular,Velvet,15.85,177937
FDT25,Oversize,Wool,7.5,242.7512
NCO07,Oversize,Tulle,,81.5934
DRF27,Oversize,Linen,,45.7402
PRK49,Oversize,Wool,9,189.3846
FDX25,Oversize,Wool,,107.3622
PJB42,Oversize,Denim,,39.7164
FDG33,Regular,Jacquard,,32.99
FDL56,Oversize,Lace,14.1,245.1802
BJK14,Oversize,Wool,7.55,263.7568
DRM47,Oversize,Satin,,96.0726
FDX21,Basic,Organza,,161.5552
NCR38,Oversize,Denim,17.25,130.0626
NCR18,Oversize,Denim,15.85,131.2968
NCU41,Oversize,Crepe,18.85,260.0936
HDJ56,Regular,Lace,16.35,160.6578
SHT51,Oversize,Linen,14.1,40.2822
TCT44,Regular,Lace,12.15,52.9298
FDL43,Oversize,Chiffon,10.1,88.3514
BJK05,Oversize,Velvet,17.5,37.2506
DRF15,Oversize,Linen,,121.7072
FDL20,Oversize,Lace,17.1,161.5578
JNS32,Oversize,Lace,7785,211956
FDJ34,Regular,Organza,11.8,124173
FDG08,Regular,Lace,13.15,152134
FDQ04,Oversize,Velvet,,79.7644
DRS13,Oversize,Wool,8.5,181.9292
HDJ03,Regular,Chiffon,17.6,165.6526
PRK12,Oversize,Cotton,9.1,170.4764
FDJ55,Regular,Chiffon,12.8,86.4198
DRK01,Oversize,Cashmere,7.63,152334
FDG28,Regular,Velvet,9285,45406
HDJ38,Regular,Linen,13.6,192.8846
BLS01,Oversize,Silk,8895,118.7782
NCR54,Oversize,Denim,16.35,92.9804
FDG29,Oversize,Velvet,17.6,109.8912
FDG24,Oversize,Cotton,7975,79.9618
FDG59,Oversize,Jersey,15.85,251.3724
FDM28,Oversize,Velvet,15.7,42.7112
DRS04,Regular,Velvet,8985,192.1846
PRK26,Oversize,Linen,20.35,227.6062
FDQ56,Oversize,Lace,6.59,229.0668
FDK51,Oversize,Linen,19.85,249.0408
FDL22,Oversize,Organza,16.85,179.3976
HDJ55,Oversize,Lace,16.75,163.4552
FDZ10,Oversize,Organza,,75367
FDZ32,Regular,Lace,7785,262491
NCF07,Oversize,Denim,,152034
DRE49,Oversize,Cashmere,20.75,112.3886
FDJ08,Oversize,Lace,,61451
FDT39,Regular,Chiffon,6.26,125.9704
BST08,Oversize,Lace,18.2,171.8764
FDB57,Regular,Lace,20.25,41.5796
NCT54,Oversize,Denim,8695,51.1324
FDM25,Regular,Silk,,96341
BJK20,Oversize,Lace,12.85,110.9202
OCT27,Oversize,Linen,7075,127.5362
JNS60,Regular,Cotton,,225.9404
HDJ59,Oversize,Cotton,8195,95.4436
FDK36,Oversize,Cotton,07.09,246.4144
NCM31,Oversize,Tulle,6095,231.03
BST33,Regular,Lace,19.35,176237
TCT36,Oversize,Cotton,6.15,195211
JNS13,Regular,Wool,,43.3454
NCQ54,Oversize,Denim,17.7,85225
DRP47,Oversize,Satin,15.75,36.7164
FDB21,Oversize,Lace,7475,178666
PNT04,Oversize,Velvet,7075,128831
FDX23,Oversize,Cotton,6445,260.1594
FDX19,Oversize,Lace,19.1,85.6908
FDD40,Regular,Linen,20.25,264.0884
TSH01,Regular,Wool,15,91.4488
PRK33,Regular,Organza,6.67,173.1738
FDM50,Regular,Wool,,256.4988
FDB29,Regular,Velvet,16.7,110.5202
BJK46,Oversize,Organza,07.07,250.4408
TSH33,Oversize,Organza,6.48,126202
SKT08,Regular,Lace,19,103.1964
FDB53,Oversize,Velvet,13.35,253.0698
HDJ31,Oversize,Lace,,101.0016
DRQ35,Oversize,Satin,,153.0024
FDX36,Regular,Cotton,9695,190.3846
DRD13,Oversize,Cashmere,15,151.1366
SKT52,Regular,Linen,11.15,147.3734
FDB45,Oversize,Lace,20.85,46306
NCK19,Oversize,Tulle,9.8,222.1772
JNS51,Oversize,Chiffon,16.35,95.5094
FDZ35,Regular,Polyester,9.6,113.5518
NCW17,Oversize,Crepe,,174.0712
JNS59,Oversize,Polyester,13.35,198.4768
SWP39,Oversize,Linen,20.7,142.7128
BLS60,Oversize,Cotton,,196211
TCT55,Oversize,Lace,16.2,94.3462
BLS58,Regular,Organza,,47.9034
SKT41,Oversize,Velvet,,141.4154
COT01,Regular,Silk,,80.2644
NCO43,Oversize,Tulle,5.5,99.3384
FDQ07,Regular,Lace,15.1,87.9856
BJK28,Regular,Velvet,15.7,125.2678
FDM01,Slim Fit,Silk,7895,167.0474
HDJ49,Regular,Wool,,93.7436
PNT24,Regular,Cotton,17.35,224972
NCY18,Oversize,Denim,7285,250.5382
NCY30,Oversize,Denim,20.25,241.2854
FDJ22,Oversize,Organza,,98.0068
JPS37,Oversize,Cashmere,15.85,92.6436
FDL27,Oversize,Chiffon,6.17,235.0958
NCO30,Oversize,Denim,19.5,193.6162
VST07,Oversize,Denim,19.2,59.1904
JCK59,Regular,Polyester,20.85,89.1514
PNT59,Regular,Polyester,14.5,60222
FDT27,Regular,Chiffon,11395,112.7176
JPS01,Oversize,Cashmere,7.97,115.5834
TCT09,Regular,Organza,7.71,148.0076
OCT26,Regular,Wool,19.25,228272
BLS39,Regular,Chiffon,,147.5392
OCT40,Regular,Velvet,11.6,146.6418
FDJ56,Oversize,Lace,,122.4388
DRN47,Oversize,Satin,12.1,223.9404
FDX60,Oversize,Cotton,14.35,62.6168
FDT22,Oversize,Organza,10395,149.9708
FDX26,Oversize,Linen,,103.2306
FDG45,Oversize,Lace,8.1,194.3478
FDD44,Regular,Lace,08.05,165.0842
PRK15,Regular,Chiffon,9195,101299
FDL51,Regular,Linen,20.7,129.9994
FDL32,Regular,Lace,15.7,216.7166
FDZ07,Regular,Lace,,76367
NCW53,Oversize,Crepe,,158.4604
NCA54,Oversize,Denim,16.5,260.6278
FDX09,Oversize,Organza,9,230.9984
COT51,Regular,Chiffon,6785,76867
DRS49,Oversize,Wool,19.5,129.3994
FDB27,Oversize,Linen,7575,101.3016
BJK45,Regular,Lace,18.2,221.7456
JNS02,Oversize,Linen,16.75,122.9046
HDJ28,Regular,Velvet,7.47,104.4332
FDX31,Regular,Lace,,164.5184
PNT43,Oversize,Lace,,88183
JCK51,Regular,Chiffon,13.85,174.3054
FDL52,Regular,Velvet,6635,180.9976
SKT50,Oversize,Wool,15.85,190.9504
FDT57,Oversize,Organza,15.2,59.5904
JCK22,Regular,Organza,,66.3826
HDJ32,Oversize,Lace,7605,182.2608
DRS07,Regular,Lace,18,197611
NCF18,Oversize,Denim,18.35,181.2292
FDG35,Regular,Jersey,21.2,104.0648
HDJ34,Regular,Organza,10.5,260.4594
NCE19,Oversize,Denim,8.97,233.1616
NCK31,Oversize,Tulle,,174.0422
NCJ29,Oversize,Crepe,10.6,55.2956
FDT59,Oversize,Polyester,13.65,141.7496
PJB41,Oversize,Crepe,19,142.2128
TCT45,Regular,Organza,,166.0816
DRS24,Oversize,Cotton,,79.9276
BJK22,Oversize,Organza,6865,98.77
FDM60,Regular,Cotton,10.8,178566
PNT02,Oversize,Linen,16.7,118244
DRP35,Oversize,Satin,,81896
PRK48,Oversize,Cotton,15.15,58222
NCZ42,Oversize,Denim,10.5,182.6292
FDZ38,Oversize,Linen,17.6,211.4902
VST55,Oversize,Denim,15.7,256.4646
SKT15,Basic,Linen,18.1,108.7596
BJK11,Regular,Jersey,10195,212.5876
DRS35,Oversize,Polyester,,110.1544
FDB44,Oversize,Lace,6655,60.2194
NCC06,Oversize,Denim,19,193.8162
FDB17,Oversize,Velvet,13.15,180.0318
DRS43,Regular,Lace,20.1,176437
TSH27,Regular,Linen,20.35,41.2112
BLS32,Oversize,Lace,17.5,178.6002
FDZ27,Oversize,Linen,7935,195.2768
DRS23,Oversize,Cotton,,57.7904
TCT01,Regular,Wool,20.25,169.8106
BJK10,Regular,Organza,15.5,214.3218
SWP03,Oversize,Linen,,231.7958
DRS27,Regular,Chiffon,,38019
JPS13,Oversize,Cashmere,15.35,119.4124
NCR05,Oversize,Crepe,10.1,37.4506
FDI35,Oversize,Jersey,14,130.4968
FDX08,Oversize,Lace,12.85,86.2198
NCJ18,Oversize,Denim,12.35,96.4094
FDJ41,Oversize,Velvet,6.85,235.1248
TCT08,Oversize,Lace,10.3,52.6666
PRK09,Regular,Organza,,150.5024
SWP15,Oversize,Linen,8775,143.2154
NCV17,Oversize,Crepe,18.85,164021
NCO54,Oversize,Denim,,88.5514
BST24,Oversize,Cotton,14.85,228.9352
OCT53,Regular,Velvet,20.5,191.3504
FDZ13,Regular,Wool,7.84,84.8908
DRS28,Oversize,Velvet,18.25,230.0984
TCT46,Regular,Organza,10.3,173.5738
NCE43,Basic,Denim,12.5,166.4842
NCC42,Oversize,Crepe,15,52.7956
FDQ20,Oversize,Lace,8325,50.9666
TSH13,Oversize,Wool,15.85,86.1224
FDZ15,Oversize,Linen,13.1,231.1668
NCV42,Oversize,Denim,6.26,211.0244
JPS51,Oversize,Linen,17.25,115.3518
COT28,Oversize,Velvet,5765,48.9034
LGS54,Oversize,Denim,13.6,212.8218
OCT16,Oversize,Velvet,10.5,40.2138
PNT52,Regular,Velvet,12.65,110.2886
NCH06,Oversize,Denim,12.3,126.2336
TSH36,Oversize,Cotton,5985,150.1708
TCT56,Oversize,Lace,,238.3248
FDT09,Regular,Organza,15.15,174.2422
TCT25,Oversize,Wool,12.35,175.4738
FDK41,Oversize,Velvet,14.3,59.4562
FDM24,Regular,Cotton,6135,155.5288
FDQ45,Regular,Organza,9.5,239.6538
DRK59,Basic,Satin,8895,41.6454
PNT21,Oversize,Organza,19.7,211.0586
FDT44,Oversize,Lace,16.6,127.3336
FDX14,Oversize,Linen,,98.0068
OCT57,Oversize,Lace,10895,181.2976
NCT41,Oversize,Crepe,,226.8036
COT11,Regular,Polyester,,256.7672
NCP42,Oversize,Denim,8.51,190.1846
BLS09,Oversize,Organza,14.15,227.1062
JCK32,Oversize,Lace,6.65,196.2426
JNS57,Regular,Organza,15.25,182.6266
PNT56,Regular,Lace,,87.4514
TSH40,Regular,Velvet,16,51535
NCG42,Oversize,Denim,19.2,37.3164
NCK54,Oversize,Denim,12.15,184.5924
BST16,Oversize,Velvet,8895,149.1418
FDB15,Oversize,Linen,10895,91812
SKT40,Regular,Linen,16,155.7314
BST53,Basic,Velvet,,218.0508
FDK24,Oversize,Cotton,9195,200.2084
DRS31,Regular,Lace,11.35,115.4176
NCM07,Oversize,Tulle,9395,213.4876
DRN36,Oversize,Cashmere,,223.8404
FDQ37,Oversize,Silk,20.75,180.7634
FDK28,Oversize,Velvet,5695,181.4318
FDL48,Regular,Cotton,19.35,105.6648
DRL23,Oversize,Satin,18.35,120.5124
DRD37,Oversize,Cashmere,9.8,261.6594
FDZ47,Regular,Cotton,,101.0042
NCJ54,Oversize,Denim,,49.6008
FDD08,Oversize,Lace,8.3,45.9428
NCN18,Basic,Denim,8895,129.2626
NCI29,Oversize,Crepe,8.6,56.7614
NCE06,Oversize,Denim,,141.0812
TCT52,Oversize,Velvet,7.56,84.3592
BLS16,Regular,Velvet,12.6,51935
NCM55,Oversize,Tulle,15.6,196.7452
PNT49,Oversize,Wool,8.71,85854
TSH16,Oversize,Velvet,6695,169.9448
COT19,Regular,Lace,,260.5594
COT04,Oversize,Velvet,16.6,93212
NCL19,Oversize,Tulle,15.35,40.2822
PNT60,Oversize,Cotton,14.3,140.3838
JNS37,Regular,Wool,,38.7138
FDG53,Oversize,Velvet,10,38.6506
DRG01,Oversize,Cashmere,14.8,117.3782
FDB38,Regular,Wool,,111.3228
FDI27,Regular,Linen,8.71,173.1764
FDD29,Oversize,Velvet,12.15,119.9098
NCR41,Oversize,Crepe,17.85,175437
DRS44,Regular,Lace,9.5,88783
TCT21,Regular,Organza,11.8,85125
FDI14,Basic,Wool,14.1,192.1846
DRS50,Oversize,Linen,,247846
FDT31,Oversize,Lace,19.75,184.8924
FDJ14,Regular,Wool,10.3,184.7266
NCQ43,Oversize,Tulle,,132.5284
FDZ22,Oversize,Organza,,56.4246
TCT38,Oversize,Linen,10.8,84.9224
PRK32,Regular,Lace,17.75,93.4094
SWP13,Oversize,Cashmere,8575,163.8842
DRF03,Oversize,Linen,19.1,151.3366
FDJ20,Regular,Lace,20.7,185.0608
BST22,Oversize,Organza,,182.3608
FDX22,Regular,Organza,6785,235.8616
DRM11,Oversize,Satin,6.57,196.8452
FDL25,Regular,Silk,6.92,258.3278
FDT08,Oversize,Lace,13.65,174837
COT22,Regular,Organza,13.5,90.0804
NCM41,Oversize,Crepe,16.5,117.8466
FDJ21,Regular,Organza,16.7,74.0354
SKT53,Oversize,Velvet,8.68,133.6284
FDQ09,Oversize,Organza,7235,37.4506
DRE25,Oversize,Cashmere,15.35,151.3024
FDL08,Oversize,Lace,10.8,248.8092
DRS03,Regular,Chiffon,5.63,195.2478
SKT17,Oversize,Velvet,12.15,243.9828
BST34,Oversize,Organza,9195,128.8678
COT44,Oversize,Lace,,177966
NCF31,Oversize,Denim,9.13,196.5452
FDG14,Regular,Wool,9,196.8768
NCH30,Oversize,Denim,17.1,87.4856
PNT36,Regular,Cotton,6715,127831
NCJ30,Oversize,Denim,5.82,117815
PNT08,Oversize,Lace,18.7,208.9954
NCQ50,Oversize,Denim,18.75,263.4568
FDL46,Oversize,Organza,,76.1986
DRK37,Oversize,Cashmere,5,106928
FDK48,Oversize,Cotton,7445,43.6744
JNS58,Oversize,Organza,20.85,201.0742
FDZ52,Oversize,Velvet,19.2,144.0102
NCF42,Oversize,Denim,17.35,82.4908
FDQ48,Regular,Cotton,14.3,95.9752
PNT58,Oversize,Organza,6675,192.8478
NCE07,Oversize,Denim,8.18,128402
FDK14,Oversize,Wool,6.98,258.5646
SKT11,Basic,Jersey,,37819
NCQ41,Oversize,Crepe,14.8,49.2034
FDX46,Regular,Organza,12.3,106.6938
SKT35,Oversize,Jersey,7435,163.6526
OCT45,Slim Fit,Lace,15.1,46506
FDX33,Regular,Organza,9195,99.9042
SHT35,Oversize,Satin,10.1,231.7642
JCK13,Regular,Wool,8.1,39.7506
JCK24,Basic,Cotton,20.6,156.7288
NCQ42,Oversize,Denim,20.35,56.0614
TCT14,Oversize,Linen,17.75,38.9506
FDT32,Regular,Lace,19,112.7544
FDK20,Regular,Lace,12.6,225.9062
TCT13,Oversize,Wool,8355,140.5154
BST05,Regular,Velvet,,160.2894
BST58,Oversize,Organza,18.5,227772
FDZ01,Regular,Wool,8975,157263
FDM08,Regular,Lace,10.1,104899
PRK58,Regular,Organza,9285,184.7924
FDZ26,Regular,Linen,11.6,49.5376
HDJ51,Oversize,Chiffon,12.5,158.1288
FDL34,Oversize,Organza,16,150.2392
DRG39,Oversize,Linen,14.15,173.3738
NCG43,Oversize,Denim,20.2,221.9456
FDT01,Regular,Wool,13.65,47.4034
DRF01,Oversize,Cashmere,5655,57.2614
BJK53,Regular,Velvet,20.75,145047
PNT20,Regular,Lace,20,54593
FDD38,Regular,Wool,16.75,78.6328
OCT32,Oversize,Lace,12.8,195.8426
NCJ42,Oversize,Denim,19.75,138718
DRS22,Regular,Organza,9695,76467
BST32,Oversize,Lace,20.7,160692
TSH34,Oversize,Jersey,,43.8744
FDG38,Regular,Wool,8975,252.0698
NCE31,Oversize,Denim,7.67,97.0094
PRK19,Regular,Lace,13.8,171.3448
TCT11,Oversize,Polyester,4785,34.7558
FDL02,Regular,Wool,20,139.8496
DRK23,Oversize,Satin,8395,168.4158
COT27,Regular,Chiffon,6175,168.3816
FDB16,Oversize,Linen,8.21,190.6872
VST18,Oversize,Denim,19.6,78696
NCL53,Oversize,Crepe,7.5,108.5912
PNT16,Regular,Velvet,5845,84925
NCQ05,Basic,Crepe,11395,193.4504
BJK44,Regular,Lace,7.17,139.9838
FDK15,Oversize,Chiffon,10.8,106328
PRK10,Oversize,Organza,,40.2138
TCT32,Oversize,Lace,8785,123.4388
FDG09,Regular,Lace,20.6,157892
BST39,Oversize,Linen,7.89,211.0928
NCH55,Oversize,Denim,16.35,259.7278
SKT33,Regular,Lace,,264.9568
NCV54,Oversize,Denim,,93.1804
NCQ02,Oversize,Denim,12.6,194.1162
NCU17,Oversize,Crepe,5.32,149005
NCZ06,Oversize,Denim,,81596
SWP25,Oversize,Cashmere,,92612
NCI43,Oversize,Denim,19.85,146.5102
NCQ53,Oversize,Crepe,17.6,99.7384
NCT18,Oversize,Denim,14.6,36.2506
FDM14,Oversize,Wool,13.8,115.2834
FDX57,Regular,Organza,17.25,39.3822
NCV05,Oversize,Crepe,10.1,92112
FDX39,Regular,Chiffon,14.3,245.9144
TSH23,Oversize,Cotton,9.8,110.2228
NCV06,Oversize,Denim,11.3,105.3306
JPS39,Oversize,Linen,13.8,91.8804
OCT21,Oversize,Jacquard,10395,212.0928
PNT26,Oversize,Linen,20.7,175.5738
TSH14,Oversize,Linen,,182.7634
FDG21,Regular,Jacquard,17.35,104.3622
NCQ38,Oversize,Tulle,16.35,83825
BLS20,Oversize,Lace,19.35,192.1478
NCN29,Oversize,Crepe,15.2,109.2228
FDI28,Oversize,Velvet,14.3,189.1846
FDZ28,Regular,Velvet,20,152.3024
COT52,Regular,Velvet,,152.2024
TCT10,Regular,Organza,10.1,114586
PRK28,Slim Fit,Velvet,8.18,40.2454
FDJ03,Regular,Linen,12.35,167779
FDQ51,Regular,Chiffon,16,110.2886
NCK06,Oversize,Denim,05.03,123.2414
HDJ09,Oversize,Organza,15.6,211.7218
TSH10,Oversize,Organza,20.35,117.7466
COT34,Oversize,Organza,17.7,188853
BST38,Oversize,Wool,,76.8354
BJK40,Regular,Linen,20.25,193.9452
HDJ02,Regular,Linen,8945,115.1808
PRK03,Oversize,Chiffon,,112.9886
FDB59,Oversize,Organza,18.25,175.6712
COT15,Regular,Chiffon,16.75,98.1726
JNS56,Regular,Lace,,179.3002
HDJ26,Slim Fit,Linen,20.6,90.7462
DRE13,Oversize,Cashmere,6.28,143.8154
FDD50,Oversize,Wool,18.85,83.4934
SKT04,Oversize,Linen,,87.9172
NCR29,Oversize,Crepe,7565,90.7488
FDZ04,Oversize,Velvet,9.31,196.3794
TCT16,Regular,Velvet,19.25,57.3562
JNS07,Oversize,Lace,9.5,206.9638
DRS01,Oversize,Wool,,42.8796
SKT10,Regular,Organza,,160.5578
SHR12,Oversize,Cashmere,17.85,59.9878
DRK39,Oversize,Linen,07.02,79.5986
DRB25,Oversize,Cashmere,12.3,48.1034
FDK26,Regular,Wool,5.46,39448
FDM52,Oversize,Velvet,15.1,120.1756
NCO06,Oversize,Denim,19.25,127.9678
FDK34,Oversize,Organza,13.35,93.1462
COT45,Regular,Organza,13.15,248675
BJK08,Regular,Lace,14.3,240.6854
OCT58,Oversize,Organza,12.3,188.7214
BST02,Oversize,Wool,8.71,124.0072
PNT23,Oversize,Polyester,15.85,174837
HDJ35,Regular,Polyester,17.6,102.6332
FDG44,Oversize,Lace,6.13,58.7904
FDQ23,Oversize,Polyester,6.55,112.3886
HDJ22,Regular,Organza,16.5,148.5418
NCN41,Oversize,Crepe,17,145.2102
COT36,Oversize,Cotton,,118.4124
OCT20,Regular,Lace,16.1,189.9214
BLS12,Basic,Cotton,,101899
FDB09,Oversize,Lace,16.25,224.4088
TSH09,Regular,Organza,13.35,158.6578
FDL24,Regular,Cotton,,238.3222
JCK03,Regular,Chiffon,5.15,183.4266
COT13,Oversize,Silk,7865,220.7798
DRD49,Oversize,Cashmere,9895,142.3496
FDQ15,Regular,Chiffon,,51.6982
NCP50,Oversize,Tulle,17.35,94.1462
BLS23,Regular,Polyester,6575,211.5902
PRK44,Regular,Lace,12.65,253.1724
NCI54,Oversize,Denim,15.2,147.4102
TSH21,Oversize,Organza,13.65,182.2318
FDI41,Regular,Velvet,,105.4622
BST35,Regular,Jersey,07.06,46.2744
SHT24,Oversize,Cashmere,11.8,46.5402
NCK17,Oversize,Crepe,,102.8674
FDD36,Oversize,Cotton,,155034
DRD60,Oversize,Cashmere,,95141
NCM19,Oversize,Tulle,,103.0332
JNS12,Regular,Cotton,16.7,187.6556
FDQ31,Regular,Lace,5785,234.03
FDK55,Oversize,Chiffon,,194.6136
DRG15,Oversize,Linen,6.13,222.9114
JNS01,Regular,Wool,,37.5506
FDT21,Oversize,Organza,7.42,174408
FDT10,Regular,Organza,16.7,191.7846
BLS02,Oversize,Wool,16.5,83.3224
FDJ40,Regular,Velvet,,253.1698
DRE27,Oversize,Linen,11.85,35.4216
PRK27,Regular,Chiffon,10195,76.9012
DRM59,Oversize,Satin,,120.1098
NCV30,Oversize,Denim,20.2,105.3622
TSH51,Regular,Linen,08.05,43.4112
FDM46,Oversize,Organza,7365,254104
FDK02,Oversize,Wool,12.5,95.2752
FDJ57,Regular,Jacquard,7.42,89.2198
FDJ45,Oversize,Jacquard,,55393
VST31,Oversize,Denim,6235,89.6514
FDT50,Regular,Linen,6.75,175.3028
NCY41,Oversize,Crepe,16.75,214.4218
FDJ60,Regular,Cotton,19.35,151.6708
PRK21,Regular,Organza,19.85,132.1968
FDQ08,Regular,Lace,,114.7176
PRK47,Oversize,Polyester,16.75,178.2028
DRM48,Oversize,Cashmere,15.2,99.77
DRS46,Regular,Organza,13,212.9902
TCT40,Oversize,Velvet,20.85,98.3042
DRE12,Oversize,Cashmere,,189.2846
FDX35,Regular,Polyester,5035,182.0318
FDD51,Oversize,Linen,11.15,226.8404
HDJ27,Oversize,Linen,6.38,123.0414
NCN06,Oversize,Denim,8.39,185.9556
PNT57,Regular,Organza,5675,121.0782
PNT19,Regular,Lace,13.5,185.8266
FDJ33,Regular,Organza,8895,127402
TSH52,Regular,Velvet,16.2,159.4578
FDZ08,Regular,Lace,,87983
PNT27,Regular,Chiffon,15.1,197.3768
NCK42,Oversize,Denim,7475,116.8124
FDZ12,Oversize,Cotton,,186.7556
NCI31,Oversize,Tulle,20,101.4674
FDX16,Basic,Velvet,17.85,255.2698
NCA05,Oversize,Crepe,20.75,199.4426
DRG51,Oversize,Linen,12.1,50.2324
NCR30,Oversize,Denim,20.6,46.3376
FDM56,Oversize,Lace,,237159
DRM37,Oversize,Cashmere,15.35,181.7976
BLS56,Regular,Lace,5.46,152734
COT49,Regular,Silk,,106.9254
SKT09,Regular,Lace,15.5,99.2068
NCZ41,Oversize,Crepe,19.85,153.1656
JCK19,Oversize,Lace,11.5,212.5586
FDQ24,Oversize,Cotton,,100.6016
DRL11,Oversize,Satin,10.5,194.4478
BLS52,Regular,Velvet,,36.3216
BJK21,Regular,Lace,10.3,55893
PRK51,Oversize,Chiffon,13.35,160.0604
BST45,Oversize,Lace,12.1,175.8028
FDX50,Oversize,Linen,20.1,147176
NCN14,Oversize,Tulle,,149605
FDQ21,Oversize,Organza,21.25,104828
FDL38,Regular,Wool,,167.0474
DRL37,Oversize,Cashmere,15.5,50.3034
FDZ39,Regular,Chiffon,19.7,78.2302
OCT10,Oversize,Organza,21,146.8102
PRK35,Basic,Polyester,,127.3678
BLS21,Basic,Organza,,172.1106
NCO18,Oversize,Denim,13.15,38.2848
FDD05,Oversize,Velvet,19.35,41548
FDX59,Oversize,Polyester,,170.7106
FDZ23,Regular,Cotton,17.75,56.9588
FDX27,Regular,Linen,20.7,179.8002
PNT14,Oversize,Linen,11.65,254.7672
FDZ56,Oversize,Lace,16.25,48.5692
NCL55,Oversize,Tulle,12.15,45.5718
FDD59,Regular,Jersey,10.5,253704
DRF23,Oversize,Satin,4.61,119.7098
FDT49,Oversize,Wool,7,122.6756
OCT22,Oversize,Organza,6405,174.3054
FDT34,Oversize,Organza,9.3,173.6054
FDB39,Oversize,Linen,11.6,120.9072
FDQ22,Oversize,Organza,16.75,165.9816
NCN43,Oversize,Tulle,12.15,164.3842
FDG57,Oversize,Lace,14.7,248.4092
TCT22,Oversize,Organza,,264791
NCC43,Oversize,Denim,7.39,66.0826
JCK01,Regular,Silk,20.75,199.0084
BJK52,Oversize,Velvet,9.3,127.6678
FDZ33,Oversize,Organza,10195,72.3038
JCK48,Regular,Cotton,,178166
DRS56,Oversize,Lace,7.68,144.2102
SKT26,Oversize,Wool,10195,58.5904
BJK34,Regular,Organza,9.3,158992
FDD04,Oversize,Linen,16,230.6668
NCJ31,Oversize,Tulle,19.2,170.6764
COT57,Oversize,Organza,20.75,106.2596
FDM36,Regular,Cotton,,211.4244
NCY05,Oversize,Crepe,13.5,87.9198
DRK11,Oversize,Satin,8.21,42.8086
NCL30,Oversize,Denim,18.1,94541
SHT39,Oversize,Linen,20.25,168.1132
NCP06,Oversize,Denim,,241.8854
FDZ44,Oversize,Lace,8185,141718
JNS46,Oversize,Organza,18.2,182.8266
DRG03,Oversize,Linen,14.5,107.7596
TCT37,Regular,Wool,9.5,128402
FDI57,Oversize,Jacquard,19.85,54793
FDM45,Regular,Organza,8655,111.7202
FDB26,Slim Fit,Wool,14,164.1552
FDZ25,Regular,Wool,,61651
NCN26,Oversize,Denim,10.85,82.1908
COT38,Oversize,Wool,17.25,110.7228
FDG31,Oversize,Chiffon,12.15,143947
FDI45,Basic,Lace,13.1,153.4682
BST17,Regular,Velvet,20.1,120.3098
NCG06,Oversize,Denim,16.35,189.1188
FDQ57,Oversize,Organza,,82225
NCP29,Oversize,Crepe,8.42,81425
FDM02,Regular,Wool,12.5,53.2614
PNT46,Oversize,Organza,16.85,106.3938
BST50,Regular,Wool,,184824
PRK16,Regular,Velvet,15.15,147.2076
TCT15,Regular,Chiffon,13.65,46.8402
COT09,Regular,Organza,13.5,33.4558
FDB40,Regular,Linen,17.5,55.8588
DRN11,Oversize,Satin,7.85,240.2564
BJK04,Oversize,Velvet,17.5,86.9514
BST41,Regular,Velvet,9195,88.6856
DRS08,Basic,Lace,,89.8856
CRD54,Oversize,Denim,21.1,115.1834
BLS34,Regular,Organza,15.6,63.2826
FDL39,Regular,Linen,16.1,38.8138
OCT33,Oversize,Organza,12.85,93.7778
SWP23,Oversize,Satin,14.65,252.2698
FDD21,Regular,Lace,10.3,179.3002
FDK60,Regular,Cotton,16.5,174737
HDJ12,Regular,Cotton,9.8,85.1224
JCK11,Oversize,Polyester,15.85,47.2402
SKT21,Regular,Lace,,102699
NCF54,Oversize,Denim,18,233.1958
JNS43,Oversize,Lace,16,54.0298
SHR36,Regular,Cashmere,,100.6332
NCW42,Basic,Denim,18.2,143.8128
FDL13,Regular,Silk,,125073
JNS22,Regular,Organza,14.85,162421
VST43,Oversize,Denim,,55.4614
FDQ46,Oversize,Organza,7.51,180866
SKT44,Oversize,Lace,15.6,95141
FDB22,Oversize,Organza,08.02,113.1544
JNS23,Oversize,Polyester,11,171379
FDK10,Regular,Organza,,126.2046
FDL33,Oversize,Organza,7235,180266
FDD20,Oversize,Lace,,172.3422
NCM54,Oversize,Denim,,125.6388
DRS48,Oversize,Cotton,18,94.5462
NCM06,Basic,Denim,7475,166.0526
FDT46,Oversize,Organza,11.35,239.4564
FDT38,Oversize,Linen,18.7,176.0712
COT40,Oversize,Velvet,17.1,36.1506
JCK12,Regular,Cotton,9.8,92.1462
FDI44,Oversize,Lace,,83.1276
FDG16,Oversize,Velvet,15.25,80.5618
HDJ11,Regular,Cotton,6.71,186.4556
HDJ60,Regular,Cotton,10.5,129.6336
NCM05,Oversize,Crepe,,143.5444
TSH49,Oversize,Wool,,238.9538
HDJ52,Oversize,Velvet,,110.9912
FDJ02,Regular,Wool,,79.3276
DRS40,Regular,Velvet,14,113.3834
HDJ08,Regular,Lace,9395,184.4924
FDM21,Oversize,Organza,,145.2418
NCM42,Oversize,Denim,6.13,58.8904
CRD07,Oversize,Denim,9.1,186.3924
FDD09,Oversize,Lace,13.5,41548
SWP59,Oversize,Satin,10.8,250.2092
DRA24,Regular,Cashmere,19.35,117.6124
HDJ36,Oversize,Cotton,,181.1634
FDG34,Regular,Organza,11.5,195.4136
FDK22,Oversize,Organza,9.8,57.2614
COT33,Oversize,Organza,14.75,47.1034
FDD46,Oversize,Organza,,112.0202
TCT34,Oversize,Organza,18.25,178.9318
TSH26,Regular,Linen,7855,97.6384
JCK38,Oversize,Wool,10.1,87.1856
TSH50,Oversize,Linen,16.25,89.4172
HDJ10,Oversize,Organza,17.6,59.3536
FDT19,Regular,Lace,7.59,116.2492
TSH28,Regular,Velvet,16.1,154.6314
FDB05,Oversize,Velvet,5155,248.4092
FDK45,Oversize,Jacquard,,57.4562
PNT48,Basic,Cotton,11.65,85.6198
HDJ15,Regular,Linen,18.25,80.1644
FDM51,Regular,Chiffon,11.8,188.4214
DRS09,Slim Fit,Organza,13.65,164.5526
JNS44,Regular,Lace,8365,184.1292
NCP43,Oversize,Tulle,17.75,208.5638
FDL26,Oversize,Wool,18,108.6912
DRM35,Oversize,Satin,9695,146.0418
DRD15,Oversize,Linen,10.6,96.4726
JNS04,Regular,Velvet,7825,197511
FDG46,Regular,Organza,,162.1552
NCN05,Oversize,Crepe,8235,153.2998
COT58,Oversize,Organza,19.6,150505
SWP49,Oversize,Cashmere,,117.9466
NCZ05,Oversize,Crepe,8485,62051
NCP54,Oversize,Denim,15.35,119.6124
BJK57,Regular,Lace,14.5,112.2518
TSH02,Regular,Linen,14,94712
SHT37,Oversize,Cashmere,10.8,118344
NCP55,Oversize,Tulle,14.65,184.8582
DRS45,Oversize,Organza,,33.7216
FDK38,Oversize,Wool,6.65,261991
NCZ30,Oversize,Denim,6.59,49.1692
FDK08,Regular,Lace,,95.6752
NCG19,Oversize,Denim,20.25,36.8532
FDQ01,Regular,Wool,19.7,163.3184
FDL44,Oversize,Lace,18.25,102499
DRM23,Oversize,Satin,16.6,62.0194
NCE18,Oversize,Denim,10,147.4076
PJS24,Oversize,Cashmere,7535,62.9536
FDT48,Oversize,Cotton,4.92,85.6908
DRG11,Oversize,Satin,6385,89.4856
JCK60,Oversize,Cotton,17.35,38.6848
SKT32,Oversize,Lace,18.35,65.7484
NCH18,Oversize,Denim,9.3,154.1314
DRE37,Oversize,Cashmere,,150.1708
SHR13,Regular,Cashmere,8.26,192.2478
FDG47,Oversize,Jersey,12.8,112886
NCT05,Oversize,Crepe,10895,226.3036
BLS50,Regular,Wool,16.85,45.0744
TCT60,Regular,Cotton,20,178.3344
FDX02,Oversize,Linen,16,162.2868
NCO41,Oversize,Crepe,,155.5288
FDQ59,Regular,Polyester,9.8,110.1544
NCZ53,Oversize,Crepe,9.6,65.9484
FDD34,Oversize,Organza,7945,121844
HDJ43,Oversize,Lace,14.85,145.3102
BLS44,Basic,Lace,13.15,125173
FDD32,Regular,Lace,17.7,263.0568
TSH56,Oversize,Lace,9.21,178437
FDT13,Oversize,Wool,14.85,84.1592
NCY29,Oversize,Crepe,13.65,131.9942
NCA42,Oversize,Denim,6965,217.6192
FDG26,Oversize,Wool,18.85,144847
OCT24,Oversize,Cotton,20.7,41.5138
FDT52,Regular,Velvet,9695,35019
FDT04,Oversize,Velvet,17.25,210.3586
NCL54,Oversize,Denim,12.6,153.4656
FDQ32,Regular,Lace,17.85,149105
BST29,Basic,Velvet,8905,32.89
FDB37,Regular,Cotton,20.25,146.6734
BLS46,Regular,Organza,7.21,164.6526
JNS28,Regular,Velvet,16.1,74.4696
DRS37,Oversize,Wool,,33.1216
JNS40,Oversize,Velvet,17.35,111.1912
FDZ57,Regular,Organza,10,119.5756
HDJ46,Oversize,Organza,18.6,196.6768
FDX45,Oversize,Organza,16.75,142.6786
FDB33,Oversize,Lace,17.75,224772
FDT58,Oversize,Organza,9,180.6002
NCL31,Oversize,Tulle,7.39,243.8144
FDJ44,Regular,Lace,12.3,98.2042
PRK50,Oversize,Linen,17,73.3354
COT50,Basic,Wool,16.25,49.7008
TCT20,Regular,Lace,,102.1332
DRK13,Oversize,Cashmere,11.8,126.1704
FDI20,Oversize,Lace,19.1,128.1652
FDG17,Regular,Velvet,6865,250.4724
NCK29,Oversize,Crepe,,159.0946
FDM32,Oversize,Lace,20.5,177766
SKT51,Regular,Linen,10895,86.9198
BJK16,Oversize,Velvet,7.3,188653
FDI46,Oversize,Organza,9.5,192.7478
FDZ21,Regular,Organza,17.6,61.4194
PNT32,Regular,Lace,,177.8002
DRF25,Oversize,Cashmere,9,108.7228
OCT05,Regular,Velvet,14.35,184.2608
FDD52,Regular,Linen,18.25,120.8756
PNT55,Slim Fit,Lace,12.15,181766
JCK04,Oversize,Velvet,15.35,209.2586
FDQ14,Oversize,Linen,9.27,47.7402
DRN59,Oversize,Satin,15,88.4172
NCR06,Oversize,Denim,12.5,176737
FDB58,Regular,Organza,10.5,41577
NCV41,Oversize,Crepe,14.35,196.6794
DRS19,Regular,Lace,12.35,101799
COT56,Regular,Lace,10195,211.8902
BLS10,Oversize,Organza,11.5,195.0478
HDJ20,Regular,Lace,12.5,58.3588
JNS34,Regular,Organza,10695,63.2826
PJB18,Oversize,Denim,14.15,145.1418
NCZ17,Oversize,Crepe,,163.1236
FDD57,Oversize,Lace,18.1,176.8686
FDZ48,Basic,Cotton,17.75,85.2198
FDZ31,Regular,Lace,15.35,121.5098
TSH04,Regular,Velvet,,33.0558
FDL21,Regular,Organza,15.85,185424
DRG49,Oversize,Cashmere,,92.7436
PNT51,Regular,Chiffon,,110.4228
SKT39,Oversize,Linen,7405,55.5298
JCK45,Regular,Organza,15.7,128.7994
SKT56,Oversize,Lace,7.72,166.3526
BST59,Oversize,Jersey,12.15,57.0246
FDB04,Regular,Linen,11.35,114715
NCK05,Oversize,Crepe,20.1,168.1474
PNT03,Regular,Chiffon,15.7,253704
FDQ03,Regular,Chiffon,,78296
SKT59,Regular,Jersey,16.7,226.0404
DRB13,Regular,Cashmere,6115,177637
NCE54,Oversize,Denim,20.7,172.8396
JCK23,Oversize,Polyester,,105728
NCL29,Oversize,Crepe,9695,120644
FDM57,Regular,Organza,11.65,128.1678
FDZ36,Regular,Cotton,6035,104.2964
COT46,Regular,Organza,9.6,57.9272
FDD16,Oversize,Velvet,20.5,39.1822
FDZ20,Oversize,Lace,,122973
HDJ44,Regular,Lace,14.15,48.2034
DRS38,Regular,Linen,,46.7744
HDJ33,Regular,Organza,,120.2124
SWP51,Oversize,Linen,17.6,250.9066
FDI50,Regular,Wool,8.42,150.5682
FDB60,Oversize,Cotton,9.3,184.2292
TSH20,Oversize,Lace,6.78,147.6076
PJB05,Oversize,Crepe,,181395
DRF37,Oversize,Cashmere,17.25,192.2162
FDJ26,Regular,Wool,15.3,110.6886
FDZ58,Oversize,Organza,17.85,200.0084
FDZ50,Regular,Linen,,123473
NCG18,Oversize,Denim,15.3,143.2154
OCT50,Regular,Wool,15,239.2196
DRO35,Oversize,Satin,13.85,161.7578
JCK52,Regular,Velvet,18.7,172.1422
SKT05,Regular,Velvet,13.1,35.2874
NCA41,Oversize,Crepe,16.75,241.7538
FDX56,Regular,Lace,17.1,101199
PRK01,Oversize,Wool,,143.3154
DRS34,Oversize,Organza,,150.8392
NCP02,Oversize,Denim,7105,165.9816
FDZ49,Regular,Wool,11,127.3336
NCJ17,Oversize,Crepe,7.68,259.2646
FDI53,Regular,Velvet,8895,219.3482
DRS02,Regular,Linen,4805,152.3366
COT48,Regular,Cotton,15,80.3644
BJK56,Regular,Lace,16.7,115.6808
FDL57,Regular,Organza,15.1,140718
JNS52,Regular,Velvet,20.7,33.3558
LGS41,Oversize,Crepe,12.85,154.4998
BJK12,Oversize,Cotton,8235,80196
FDM13,Oversize,Silk,6425,196.8768
DRS55,Regular,Lace,,119.7756
NCT29,Oversize,Crepe,,109.2886
LGS42,Oversize,Denim,8.6,248375
FDD47,Regular,Jersey,7.6,51464
DRE03,Oversize,Linen,19.6,114.0176
NCM18,Oversize,Denim,,228.9694
BST20,Regular,Lace,11.35,260.4594
FDI33,Oversize,Organza,16.5,65.8826
NCT06,Oversize,Denim,17.1,38319
FDK52,Oversize,Velvet,18.25,169379
FDJ36,Regular,Cotton,14.5,117.1808
NCK18,Oversize,Denim,9.6,77.2986
FDB08,Oversize,Lace,6055,261.2936
FDX43,Basic,Lace,5655,65.4826
TCT58,Regular,Organza,6.61,176.1054
FDL09,Regular,Organza,,176037
PNT37,Regular,Silk,16.5,152.2366
FDG56,Regular,Lace,13.3,257.6646
NCC55,Oversize,Denim,10695,144476
TSH25,Regular,Wool,16.5,263991
JNS33,Regular,Organza,9.6,65.8168
FDX47,Regular,Polyester,6.55,144.3102
FDB02,Regular,Wool,9695,78796
FDI56,Oversize,Lace,7325,86.0198
SHT49,Oversize,Cashmere,6865,102199
JCK26,Oversize,Linen,7785,147476
COT32,Oversize,Lace,6.36,189.3556
PNT34,Regular,Organza,17,39.8506
TCT59,Oversize,Polyester,5.78,157663
BLS31,Oversize,Lace,11.5,140.2496
FDT55,Regular,Lace,,145676
SKT03,Slim Fit,Linen,8575,37.9532
FDL14,Slim Fit,Wool,8115,94.0462
JCK39,Oversize,Chiffon,12.65,177837
FDT11,Regular,Polyester,5.94,102.1016
TCT48,Oversize,Cotton,18.85,151.9708
FDT45,Oversize,Organza,15.85,172.8396
BST56,Regular,Lace,17.25,262191
FDZ34,Oversize,Jersey,6695,145.9102
JNS24,Oversize,Cotton,5635,189453
FDQ39,Oversize,Chiffon,14.8,145.2444
BST11,Regular,Jersey,17.7,159692
NCU54,Oversize,Denim,8.88,256.4304
COT60,Basic,Cotton,20,83.1566
LGS06,Oversize,Denim,7935,106028
FDQ55,Regular,Lace,13.65,143.4786
NCO02,Oversize,Tulle,11.15,146.5076
FDB12,Regular,Cotton,11.15,93.8436
FDT40,Oversize,Velvet,5985,167.1132
NCO05,Oversize,Crepe,7.27,182.1318
FDM04,Regular,Velvet,9195,151.6708
OCT08,Oversize,Lace,7.51,45.9428
NCQ06,Oversize,Denim,,171808
FDZ40,Oversize,Velvet,,166.4474
NCM17,Oversize,Crepe,,54.0614
TCT03,Regular,Chiffon,18.7,177.4686
PJB30,Basic,Denim,,42.0138
JNS08,Oversize,Lace,7.35,181366
DRK47,Oversize,Satin,7905,35.7532
JPS47,Oversize,Satin,14.7,114.4176
PNT35,Oversize,Polyester,12.5,257.1646
FDK03,Regular,Linen,12.6,246.6802
FDZ59,Regular,Cotton,,193.4478
FDL03,Regular,Chiffon,19.25,37.0874
SHR25,Oversize,Cashmere,,142.0154
NCG07,Oversize,Denim,12.3,173.3764
FDL45,Oversize,Organza,15.6,35519
SKT45,Oversize,Lace,17,96.2068
FDI40,Slim Fit,Velvet,11.5,49.8008
FDQ11,Regular,Polyester,5695,76.0986
FDQ52,Oversize,Velvet,17,218.7166
FDJ27,Regular,Chiffon,17.7,108.4254
FDT26,Regular,Linen,18.85,172.6422
NCH07,Oversize,Denim,13.15,207.5638
JCK44,Regular,Lace,16.5,46.2086
FDI48,Regular,Cotton,11.85,111686
NCF06,Oversize,Denim,6235,97.2726
NCL05,Oversize,Crepe,,173.7054
FDT24,Slim Fit,Cotton,12.35,174.0422
PRK11,Regular,Polyester,07.05,220.7456
SKT28,Oversize,Velvet,,255.5698
DRE15,Oversize,Linen,13.35,232.73
NCI42,Oversize,Denim,18.75,113.3544
FDX37,Oversize,Wool,16.2,148.6418
FDM09,Regular,Organza,11.15,157463
NCW54,Oversize,Denim,7.5,187.8898
BJK47,Oversize,Jersey,20.85,110.1544
DRD01,Regular,Cashmere,12.1,111.9518
BLS25,Regular,Silk,7895,154.3998
DRS36,Oversize,Cotton,,124.4046
JCK20,Oversize,Lace,19.85,181166
PNT45,Oversize,Organza,10.8,264391
FDZ45,Oversize,Organza,14.1,193.8452
FDB23,Regular,Jersey,19.2,126.4046
NCM26,Basic,Tulle,20.5,125.6678
FDK40,Oversize,Velvet,7035,81.0618
NCL42,Oversize,Denim,18.85,189.0846
HDJ04,Regular,Velvet,17.7,155.2656
NCG30,Basic,Denim,20.2,178.7318
NCH29,Oversize,Crepe,5.51,49.8008
NCM29,Oversize,Crepe,11.5,95441
FDD53,Oversize,Velvet,16.2,83.1566
NCP41,Oversize,Crepe,16.6,96641
FDJ28,Oversize,Velvet,12.3,147.1392
OCT44,Regular,Lace,19.1,36.9874
NCY54,Oversize,Denim,8.43,75.2328
DRA59,Regular,Cashmere,8.27,242.9854
PRK55,Oversize,Lace,07.02,213.7192
NCN19,Oversize,Tulle,13.1,236.5248
OCT09,Oversize,Jacquard,12.6,170379
PRK25,Regular,Wool,6885,263.2226
NCI30,Oversize,Denim,20.25,103.1016
FDM33,Oversize,Organza,15.6,191.9504
NCA53,Oversize,Crepe,11395,211.0244
PRK56,Regular,Lace,5785,67.5142
FDT07,Regular,Lace,5.82,88254
FDJ10,Regular,Organza,,222.7746
TSH38,Oversize,Linen,5.44,90.9172
DRS32,Regular,Lace,,144.8128
NCW18,Oversize,Denim,15.1,178.7318
FDQ44,Oversize,Lace,20.5,263.7226
FDQ34,Oversize,Organza,10.85,117.8492
BLS08,Regular,Lace,7.72,89.0198
FDK57,Oversize,Organza,,59.3536
DRG48,Oversize,Cashmere,5.78,107.1622
OCT52,Regular,Velvet,,156.7604
NCH43,Oversize,Denim,8.42,223.7088
FDD35,Oversize,Jersey,12.15,147.2418
PNT01,Regular,Wool,5405,143.9812
PRK23,Oversize,Polyester,4635,50.5008
FDJ53,Oversize,Velvet,10.5,139.9838
TSH32,Oversize,Lace,14,256.1646
FDX01,Basic,Wool,10.1,142.2496
TSH48,Oversize,Cotton,12.1,110.0912
FDI09,Regular,Jacquard,20.75,51.1324
DRF13,Oversize,Cashmere,12.1,178.1344
FDK25,Regular,Silk,11.6,114.4518
SKT20,Basic,Lace,10.65,85.3198
FDQ19,Regular,Lace,7.35,179.9976
JNS50,Oversize,Linen,14.3,72338
DRG37,Oversize,Cashmere,16.2,95.3752
PRK08,Oversize,Lace,5735,164.6868
FDG22,Regular,Organza,17.6,74238
SHT47,Oversize,Satin,,106.9254
FDZ43,Regular,Lace,,127302
FDJ50,Oversize,Wool,8645,156.4656
JNS35,Oversize,Polyester,19.5,215685
DRL35,Oversize,Satin,15.7,188353
PRK24,Regular,Cotton,20.85,115.3518
PRK13,Oversize,Wool,6465,100.0016
DRS26,Regular,Linen,,159.6578
FDQ12,Oversize,Cotton,,181.3318
FDL36,Oversize,Cotton,15.1,152.3998
SHT11,Oversize,Satin,9.5,155763
NCT17,Oversize,Crepe,,58393
SWP36,Oversize,Cashmere,16.2,123.8046
NCA17,Basic,Crepe,20.6,104799
FDG41,Regular,Velvet,8.84,218.4482
LGS38,Oversize,Denim,8.6,52.2008
FDQ16,Basic,Velvet,19.7,58022
PRK40,Oversize,Velvet,15.35,94941
JNS31,Oversize,Lace,9.8,115.6176
CRD42,Oversize,Crepe,16.5,100.8332
DRS21,Regular,Organza,,172808
DRF60,Oversize,Cashmere,10.8,167.2816
FDQ36,Regular,Cotton,,119.6124
JCK34,Basic,Organza,12.85,131.4284
FDI02,Regular,Wool,15.7,127.4362
FDG50,Oversize,Wool,7405,246.0776
JNS48,Regular,Cotton,9195,111586
OCT02,Regular,Wool,7.27,173.0738
CRD43,Oversize,Denim,8.85,62.8536
BST46,Oversize,Organza,18.6,152.6024
NCO42,Oversize,Denim,,154463
PNT40,Regular,Velvet,9.1,102.2674
DRE48,Oversize,Cashmere,8.43,37619
JNS16,Regular,Velvet,7.75,81.1302
HDJ19,Oversize,Lace,19.75,191.3188
FDD41,Regular,Velvet,6765,165.2526
NCK07,Oversize,Tulle,10.65,99.8042
FDZ60,Oversize,Cotton,20.5,180366
DRS47,Oversize,Polyester,15,157.3972
FDX58,Basic,Organza,13.15,177.7344
PRK04,Regular,Velvet,10195,178.3002
FDK16,Oversize,Velvet,9065,233.9642
NCU42,Oversize,Denim,9,122.0756
PRK37,Oversize,Wool,7655,156.9288
COT25,Oversize,Wool,,112.1518
PRK57,Oversize,Organza,15.5,50.2034
FDI52,Oversize,Velvet,18.7,182295
FDG40,Oversize,Velvet,13.65,141.6154
TCT49,Regular,Wool,19.5,149.1418
NCM30,Basic,Denim,19.1,38948
DRO47,Oversize,Satin,10195,163.6526
NCY06,Oversize,Denim,15.25,152.6998
NCL41,Oversize,Crepe,12.35,172.7764
FDM58,Regular,Organza,16.85,101.9016
FDI07,Slim Fit,Chiffon,12.35,82.8592
DRL47,Oversize,Satin,19.7,51.2324
FDQ25,Regular,Wool,,253.4724
BST26,Oversize,Wool,9.3,57493
FDD56,Regular,Lace,15.2,104499
FDQ13,Basic,Wool,11.1,32.3558
DRD25,Oversize,Cashmere,6135,122873
FDT16,Regular,Velvet,9895,145.6102
VST54,Oversize,Crepe,8.76,153.3314
TSH31,Oversize,Lace,7.1,95.2436
FDM12,Slim Fit,Cotton,16.7,130.9284
HDJ47,Regular,Polyester,,94312
FDT03,Oversize,Chiffon,21.25,119.2124
FDB49,Regular,Cotton,8.3,172.2448
BST47,Oversize,Jersey,14.15,78367
TCT23,Oversize,Polyester,12.15,143.9786
JNS09,Oversize,Organza,,150.4024
NCA30,Oversize,Denim,19,53.8614
OCT41,Oversize,Velvet,9,147.7418
PRK43,Oversize,Lace,11.65,149.3734
JCK37,Oversize,Silk,15.6,121.4098
FDJ09,Oversize,Organza,15,102.4016
SKT57,Regular,Lace,,42.9112
DRD27,Oversize,Linen,18.75,188.2872
FDI12,Regular,Cotton,9395,154463
FDQ33,Oversize,Organza,13.35,234.8616
FDQ27,Regular,Chiffon,,76.3696
OCT34,Oversize,Organza,8.63,145.4444
FDB20,Oversize,Lace,7.72,254.1014
DRL60,Oversize,Cashmere,8.52,81096
SHT23,Oversize,Satin,18.35,85.8198
FDQ26,Regular,Linen,13.5,160.2894
NCA06,Oversize,Denim,20.5,106.7964
FDJ07,Oversize,Chiffon,7.26,170.6422
JCK56,Basic,Lace,8185,198.9426
BJK26,Regular,Wool,6825,251675
TSH11,Basic,Cotton,7.75,113.2518
JPS23,Oversize,Satin,,118344
NCJ05,Basic,Crepe,,196.5084
FDI21,Regular,Organza,5.59,108.9596
OCT12,Oversize,Cotton,9.6,118.3124
FDD02,Basic,Wool,16.6,142.3154
FDL28,Regular,Velvet,10,102.0016
PNT10,Oversize,Organza,17.6,60.9562
PNT15,Regular,Chiffon,9.3,147.7102
FDQ40,Regular,Velvet,11.1,91.4462
PRK34,Regular,Organza,19.35,193.6504
FDT56,Regular,Lace,16,246.1802
TCT24,Regular,Cotton,6.78,189.4872
FDX11,Regular,Cotton,16,124873
BJK35,Oversize,Jersey,15,260.3252
FDD22,Oversize,Organza,10,258.3988
FDT60,Oversize,Cotton,12,131831
BJK17,Oversize,Velvet,5.19,255.6672
NCP53,Oversize,Crepe,14.75,93712
BJK29,Regular,Velvet,15.1,169.6132
FDI10,Slim Fit,Organza,8.51,225.0404
PNT09,Oversize,Organza,18.25,141.2496
COT03,Regular,Chiffon,10395,152234
FDD26,Regular,Wool,8.71,101699
COT39,Regular,Chiffon,6985,39.7138
FDX51,Regular,Chiffon,9.5,96.9384
SKT38,Oversize,Wool,15.7,85.8908
JCK07,Oversize,Lace,18.2,186.6214
FDK27,Oversize,Chiffon,11,146.4076
JCK31,Regular,Lace,21.1,161421
FDM10,Oversize,Organza,18.25,156.0656
FDD11,Oversize,Jersey,12.85,169.7474
BLS45,Oversize,Organza,19.35,173.9422
FDJ04,Oversize,Velvet,18,39.2164
NCT42,Oversize,Denim,5.88,113.5518
FDD45,Oversize,Lace,8615,193.8478
FDK56,Oversize,Lace,9695,82.7934
FDX03,Regular,Chiffon,,48.2034
NCU18,Oversize,Denim,15.1,157892
FDJ48,Oversize,Cotton,11.3,82.6276
JNS21,Oversize,Organza,,198.5426
FDK09,Oversize,Organza,15.2,123.1414
NCN42,Oversize,Denim,20.25,166.0526
FDL16,Oversize,Velvet,,64551
FDM34,Oversize,Organza,19,188.2214
FDG60,Oversize,Cotton,,223.7062
DRD12,Oversize,Cashmere,6.96,64.2852
FDJ16,Basic,Velvet,9195,55593
FDI22,Oversize,Organza,12.6,142.6496
NCC07,Oversize,Denim,19.6,105628
FDM16,Regular,Velvet,8155,93.7094
FDT36,Oversize,Cotton,12.3,52.2298
OCT38,Oversize,Wool,6425,159.6604
SKT16,Regular,Linen,11.5,225.6404
FDT33,Regular,Organza,7.81,257833
TCT31,Regular,Lace,10.5,156.5288
SHT01,Oversize,Cashmere,6135,88.5172
NCF43,Oversize,Denim,8.51,244.6144
LGS53,Oversize,Crepe,14.5,39.3822
DRB24,Oversize,Cashmere,8785,166.1526
BST23,Regular,Jersey,17.6,75.9328
DRS60,Regular,Cotton,5.44,175.2054
NCQ18,Oversize,Denim,15.75,167.2158
NCE30,Oversize,Denim,16,125802
DRS25,Oversize,Wool,5175,123.8388
NCY17,Oversize,Crepe,18.2,58.8878
LGS18,Oversize,Denim,12.65,133.2284
FDB32,Oversize,Lace,20.6,240.7538
FDG10,Regular,Organza,6.63,112.7176
BJK38,Regular,Wool,11.8,151505
DRS59,Oversize,Polyester,,100.5332
HDJ57,Regular,Organza,20.2,34.9558
HDJ16,Regular,Velvet,18.35,150.8024
TSH22,Oversize,Jersey,7435,89.7488
JNS03,Oversize,Chiffon,17.6,74.5038
JCK27,Oversize,Chiffon,8155,129.6994
FDZ37,Regular,Wool,8.1,185.0898
FDL10,Oversize,Organza,8395,155263
BST09,Oversize,Lace,,160.7262
BJK33,Basic,Jacquard,7.97,169.4816
PNT31,Regular,Lace,,178.6002
NCQ29,Oversize,Crepe,12,37.6532
NCI55,Oversize,Denim,18.6,142747
FDD14,Oversize,Wool,20.7,243.0196
CRD18,Oversize,Denim,16,94.8436
NCE55,Oversize,Denim,8.92,144.2786
FDX48,Regular,Cotton,17.75,258.3304
DRF48,Oversize,Cashmere,5.73,176.1396
TCT51,Regular,Chiffon,20.2,220.5114
NCC19,Oversize,Denim,6.57,194.5794
NCO29,Oversize,Crepe,11.15,88.1198
FDX55,Oversize,Lace,15.1,254.9698
FDZ19,Oversize,Lace,6425,162421
NCV53,Oversize,Crepe,8.27,172.4738
TSH35,Regular,Cotton,14.85,106.7596
FDX24,Oversize,Cotton,8355,90.2804
LGS05,Oversize,Crepe,11.5,123.5388
FDK04,Oversize,Velvet,7.36,38319
FDI58,Regular,Organza,7.64,122.1098
FDG58,Regular,Organza,10695,199.8084
FDI60,Regular,Cotton,7.22,184.2924
DRS52,Regular,Velvet,14,212.1586
BLS38,Regular,Wool,6615,145.6418
TCT39,Oversize,Chiffon,18.85,185.3608
PNT25,Regular,Wool,17,172.0422
FDM44,Oversize,Lace,12.5,171.1422
FDM27,Regular,Chiffon,,111.8544
NCA29,Oversize,Denim,10.5,168.4132
NCJ43,Oversize,Denim,6635,244.4486
FDX28,Oversize,Velvet,,227.3694
DRS15,Regular,Chiffon,15.35,123473
COT20,Regular,Lace,12.85,90883
NCR50,Oversize,Denim,20.2,116.8466
BLS28,Regular,Velvet,5.88,121873
HDJ13,Oversize,Wool,12.1,147.2076
TSH57,Basic,Organza,,116.5124
FDB52,Oversize,Linen,17.75,60.2904
PRK07,Oversize,Lace,12.35,99.4016
COT31,Slim Fit,Lace,6.76,251.9724
JCK57,Oversize,Organza,17.5,97341
COT21,Regular,Organza,11.6,198.3084
DRS58,Basic,Organza,20.75,226.9404
NCL07,Oversize,Tulle,13.85,143.9128
TCT12,Regular,Cotton,15.5,226.7694
JNS47,Oversize,Polyester,17.1,34919
TCT57,Regular,Organza,,124.5072
BJK02,Oversize,Wool,16.2,115.9834
DRG13,Oversize,Cashmere,17.25,233.5984
NCN53,Oversize,Crepe,,193.6136
FDI15,Oversize,Linen,13.8,143.3154
NCN17,Oversize,Crepe,11,181.9318
BLS24,Oversize,Cotton,14.1,110157
SWP11,Oversize,Satin,5.98,190.6872
FDJ15,Regular,Linen,11.35,216.4508
DRF51,Oversize,Linen,15.75,64.4826
COT37,Oversize,Silk,08.06,65.2168
DRS10,Oversize,Organza,21.2,162.9526
DRN37,Oversize,Cashmere,9.6,117.2492
TSH37,Regular,Wool,7.81,147905
TCT35,Oversize,Polyester,6.44,242.8512
PRK59,Regular,Polyester,14.8,224.8404
FDL15,Oversize,Chiffon,17.85,45206
FDB28,Oversize,Linen,6615,42.8112
HDJ37,Regular,Wool,17,176.2712
JCK58,Oversize,Organza,11.1,84725
BJK58,Basic,Organza,13.3,142.0154
FDB47,Oversize,Organza,8.8,82.3908
JNS14,Oversize,Linen,19.85,112.5228
SKT23,Oversize,Jersey,18,110657
TCT33,Regular,Organza,7.63,119.1808
DRO59,Oversize,Satin,11.8,148.7418
FDD48,Oversize,Cotton,10395,119.5124
NCK30,Oversize,Denim,14.85,92.2488
DRS33,Oversize,Organza,9395,198.5768
FDT37,Oversize,Wool,14.15,72.9038
JCK46,Oversize,Organza,15.35,195011
NCC18,Oversize,Denim,19.1,114.9176
TCT07,Oversize,Lace,11.1,39.8506
BST21,Oversize,Lace,12.8,227.4062
FDX38,Regular,Linen,10.5,96.0094
OCT48,Oversize,Cotton,,111586
FDI38,Regular,Wool,13.35,185.0582
PJB53,Basic,Crepe,20.1,36819
NCN30,Oversize,Denim,16.35,112.4544
FDK33,Oversize,Organza,17.85,54564
TCT26,Regular,Linen,16.7,193.0504
PNT39,Basic,Chiffon,20.35,61.5536
NCG55,Oversize,Denim,16.25,226.5404
NCC54,Oversize,Crepe,17.75,191.5162
PNT33,Oversize,Organza,7.31,259.7962
FDT14,Regular,Linen,10695,40848
DRL49,Oversize,Cashmere,13.15,62.8194
NCT30,Oversize,Denim,9.1,172.5396
TCT27,Regular,Chiffon,,93912
PRK20,Oversize,Lace,8.85,242.8486
TSH07,Regular,Lace,7.55,255933
FDZ51,Regular,Chiffon,11.3,148.4708
NCN54,Oversize,Denim,20.35,196.7426
PNT11,Regular,Polyester,10.5,205.7296
NCR42,Oversize,Denim,9105,252.9724
FDX04,Regular,Velvet,19.6,118244
BLS03,Regular,Chiffon,9.8,149.7734
FDM03,Oversize,Chiffon,12.65,84.4224
FDT23,Regular,Polyester,7.72,48.6034
FDB50,Oversize,Wool,13,37.5164
NCG54,Oversize,Denim,12.1,36.6532
FDJ52,Oversize,Velvet,7145,89.4856
BST28,Regular,Velvet,,60.8536
TSH58,Oversize,Organza,9395,204998
DRB01,Oversize,Cashmere,7.39,238.0248
NCZ29,Oversize,Crepe,15,64.2168
BJK50,Oversize,Wool,4905,191153
FDT51,Regular,Chiffon,,73.9354
JCK40,Regular,Velvet,4555,118.6098
BJK39,Regular,Linen,14.85,148076
FDQ58,Oversize,Organza,7315,121.9072
TSH55,Slim Fit,Lace,17.2,218.2166
TSH19,Oversize,Lace,7.52,260.0594
BJK59,Basic,Jersey,12.5,116.5466
FDJ46,Oversize,Organza,11.1,158.9578
SKT47,Oversize,Organza,15,158.8604
SKT22,Regular,Organza,6.89,206.7954
FDD39,Oversize,Linen,16.7,85.1908
DRE01,Oversize,Cashmere,10.1,188324
LGS30,Oversize,Denim,5945,221.8456
OCT47,Regular,Jersey,13.5,110.4912
JCK08,Regular,Lace,20.5,93.3436
NCY42,Oversize,Denim,6.38,33.2874
BST44,Oversize,Lace,14.65,187.3872
FDJ12,Regular,Cotton,8895,75.0696
JNS36,Oversize,Cotton,18.7,253.0356
NCW41,Oversize,Crepe,18,225.4746
FDX12,Regular,Cotton,18.2,56.2614
NCY53,Oversize,Crepe,20,197211
NCH42,Oversize,Denim,6.86,55.9298
OCT46,Regular,Organza,6935,159.0262
JNS26,Regular,Linen,20.25,89.8856
JPS03,Oversize,Linen,06.03,188.4214
NCL06,Oversize,Denim,14.65,228.7352
NCO14,Oversize,Denim,9.6,195.8136
FDI08,Regular,Lace,18.2,213.2902
FDZ14,Regular,Linen,,185324
PRK14,Oversize,Linen,7285,116.2492
NCK53,Oversize,Crepe,11.6,263591
OCT56,Regular,Lace,9.8,215.0218
NCQ30,Basic,Denim,7725,168279
FDG32,Basic,Lace,19.85,121.7072
FDK32,Regular,Lace,,184.2608
HDJ48,Oversize,Cotton,14,104.0332
NCU06,Oversize,Denim,17.6,166.9474
FDM38,Regular,Wool,5885,185.1266
FDT15,Regular,Chiffon,12.15,116.1492
NCJ19,Basic,Tulle,18.6,89.1856
NCI06,Oversize,Denim,11.3,77.3012
JNS19,Regular,Lace,14.85,153.9656
FDQ47,Regular,Polyester,7155,228601
NCW06,Oversize,Denim,16.2,119244
COT16,Oversize,Velvet,5.48,38.3164
DRN35,Oversize,Satin,08.01,169.5474
JNS55,Oversize,Lace,17.75,161.3578
FDB03,Regular,Linen,17.75,168379
FDJ32,Oversize,Lace,,89.8856
SKT34,Regular,Organza,16,195.7768
FDG05,Regular,Velvet,,225.1088
NCJ06,Oversize,Denim,,192.1162
FDD23,Regular,Jersey,9.5,98.9042
FDX52,Regular,Velvet,11.5,208.5638
COT12,Oversize,Cotton,15.75,248.9092
FDT35,Regular,Polyester,19.85,113.7544
TCT19,Regular,Lace,,179.6686
HDJ50,Basic,Linen,5.8,242417
BST57,Oversize,Lace,9.6,181195
BST14,Regular,Wool,13.65,99.9358
FDG04,Oversize,Velvet,,59.2562
BST52,Regular,Linen,,199.8084
DRL59,Oversize,Satin,16.75,221.5798
FDI34,Regular,Organza,10.65,84.4224
SKT58,Oversize,Organza,10195,181.3976
FDT02,Oversize,Linen,12.6,182995
OCT04,Regular,Velvet,6115,162.1236
FDK46,Oversize,Organza,9.6,126.7704
PNT22,Regular,Organza,19.35,112.7886
OCT60,Regular,Cotton,19.7,62751
HDJ39,Regular,Chiffon,5305,86.0224
NCF30,Oversize,Denim,17,262891
BLS49,Regular,Silk,17.25,182.9292
SHR24,Oversize,Cashmere,17.85,263.7568
PRK60,Oversize,Cotton,20.85,220.9456
FDZ02,Regular,Linen,6905,224.4404
DRS16,Regular,Velvet,17.35,180.3976
NCQ17,Basic,Crepe,10.3,257.3304
NCO53,Oversize,Crepe,16.2,157.7972
TCT47,Regular,Polyester,12.8,78.2644
FDK50,Oversize,Wool,7.96,119.7466
NCE42,Oversize,Denim,21.1,147476
FDZ09,Oversize,Organza,17.6,114586
NCU30,Oversize,Denim,5.11,95.5094
DRG36,Oversize,Cashmere,14.15,185.1608
CRD31,Oversize,Denim,12.1,34.0532
NCV29,Oversize,Crepe,11.8,154463
NCP17,Oversize,Crepe,19.35,149.1076
DRM49,Regular,Cashmere,6.11,131.3626
HDJ14,Oversize,Linen,10.3,83.4908
JPS59,Oversize,Satin,9.5,247.0092
HDJ01,Regular,Wool,11.8,123.0414
FDT47,Regular,Polyester,,163.0526
LGS29,Oversize,Crepe,,89383
NCT53,Oversize,Crepe,,90.5146
JCK21,Regular,Organza,,96541
FDD33,Oversize,Lace,12.85,171.9448
SHR49,Basic,Cashmere,,48.7718
FDB10,Oversize,Organza,10,61.3194
PRK39,Oversize,Chiffon,,184.2292
NCU29,Oversize,Crepe,7685,91.4462
NCP14,Oversize,Denim,8275,171179
SKT48,Oversize,Cotton,9195,90.3146
DRS14,Regular,Linen,8.3,165.0842
PRK36,Regular,Cotton,8.38,53.1298
NCA18,Oversize,Denim,10.1,148.7076
FDQ60,Regular,Cotton,,223.2404
FDI36,Regular,Cotton,12.5,180.4002
FDI05,Regular,Velvet,8.35,258.5646
PRK22,Regular,Organza,16.85,178.0344
BLS40,Oversize,Velvet,5.88,39.9822
NCV18,Oversize,Denim,6775,131.2626
JCK15,Oversize,Chiffon,15.2,226.2062
CRD55,Oversize,Denim,,102.0332
DRG25,Oversize,Cashmere,10.5,57.5562
BLS51,Slim Fit,Chiffon,17.85,166.9184
FDB46,Regular,Organza,10.5,94.9436
PJB17,Oversize,Crepe,21.25,159.9578
OCT31,Regular,Chiffon,12,165.05
FDX13,Oversize,Wool,7725,186424
NCU53,Oversize,Crepe,5485,241.3854
FDD28,Oversize,Velvet,10695,244.4486
TCT43,Regular,Lace,,188.4898
NCF55,Basic,Denim,6675,120.9756
NCW30,Oversize,Denim,5.21,121.9414
NCW05,Oversize,Crepe,20.25,160.3578
